voucher_code,status
HYP-SHUPF,Voucher not found
HYP-68S8K,Coupon is already redeemed.
HYP-UA297,Voucher not found
HYP-AYLE1,Voucher not found
HYP-NE7OO,Voucher not found
HYP-2R3AF,Voucher not found
HYP-QOKYI,Coupon is already redeemed.
HYP-C130J,Voucher not found
HYP-4C03H,Voucher not found
HYP-GSGRJ,Voucher not found
HYP-WZH6O,Voucher not found
HYP-GCEML,Voucher not found
HYP-BQFSO,Voucher not found
HYP-02MUP,Coupon redemptions are closed for the coupon.
HYP-WXQJX,Voucher not found
HYP-ULHJY,Voucher not found
HYP-4D3G8,Coupon redemptions are closed for the coupon.
HYP-F9W6N,Voucher not found
HYP-0GQ45,Voucher not found
HYP-2F13Y,Voucher not found
HYP-V7RL6,Voucher not found
HYP-SFDT2,Voucher not found
HYP-O4CNS,Voucher not found
HYP-MIF3M,Voucher not found
HYP-1BATB,Voucher not found
HYP-CMW03,Voucher not found
HYP-WFTSV,Voucher not found
HYP-BM497,Voucher not found
HYP-WQ68B,Voucher not found
HYP-9RSL0,Voucher not found
HYP-NVC34,Voucher not found
HYP-ZXD53,Voucher not found
HYP-84DMF,Voucher not found
HYP-QHTN8,Voucher not found
HYP-H9GK4,Voucher not found
HYP-NJSVL,Voucher not found
HYP-AEFGB,Coupon is already redeemed.
HYP-Z2T9K,Voucher not found
HYP-23DZA,Voucher not found
HYP-LGJMV,Voucher not found
HYP-8PIY4,Voucher not found
HYP-WD3QK,Voucher not found
HYP-1V3TJ,Voucher not found
HYP-MRE54,Voucher not found
HYP-VTIFO,Voucher not found
HYP-3NCYN,Voucher not found
HYP-GA123,Voucher not found
HYP-05SE2,Voucher not found
HYP-9AX2A,Coupon redemptions are closed for the coupon.
HYP-I3LZU,Voucher not found
HYP-T0OSR,Voucher not found
HYP-KI3KS,Voucher not found
HYP-9SL0K,Voucher not found
HYP-FISTQ,Voucher not found
HYP-RA94U,Voucher not found
HYP-0WCSF,Voucher not found
HYP-HGZ1J,Voucher not found
HYP-FCFNV,Voucher not found
HYP-E6I7Q,Voucher not found
HYP-ZJEMI,Voucher not found
HYP-HSX0X,Voucher not found
HYP-6HN04,Voucher not found
HYP-71F3U,Voucher not found
HYP-PWV0I,Voucher not found
HYP-T3PKZ,Voucher not found
HYP-TXZ93,Voucher not found
HYP-MPHSW,Voucher not found
HYP-HTU2G,Voucher not found
HYP-WNP6B,Voucher not found
HYP-A4SNM,Voucher not found
HYP-II1S5,Voucher not found
HYP-9WEP6,Voucher not found
HYP-EGFN0,Voucher not found
HYP-OIRJ1,Voucher not found
HYP-RS0OY,Voucher not found
HYP-Z9L9T,Voucher not found
HYP-21MIP,Voucher not found
HYP-ZI6VV,Voucher not found
HYP-2W2AX,Voucher not found
HYP-0HV5F,Voucher not found
HYP-N0LHH,Voucher not found
HYP-F5U1Z,Voucher not found
HYP-XAZDF,Voucher not found
HYP-JM5NZ,Voucher not found
HYP-NOC50,Voucher not found
HYP-J5W86,Coupon redemptions are closed for the coupon.
HYP-2TPEX,Voucher not found
HYP-YSMYY,Voucher not found
HYP-7R5AK,Voucher not found
HYP-81PK2,Voucher not found
HYP-JJS27,Voucher not found
HYP-MEX9K,Coupon is already redeemed.
HYP-EKR22,Voucher not found
HYP-FUAZL,Voucher not found
HYP-AC510,Voucher not found
HYP-AN2TJ,Voucher not found
HYP-VHNRH,Voucher not found
HYP-AKKEP,Coupon is already redeemed.
HYP-MEV4K,Voucher not found
HYP-ZTTDV,Voucher not found
